{
    "train": {
        "loss": 1.149905787507693,
        "accuracy": 55.010416666666664
    },
    "val": {
        "loss": 0.9373444350560506,
        "accuracy": 64.91666666666667
    },
    "step": 0
}
