{
    "train": {
        "loss": 0.8999657221635182,
        "accuracy": 65.54166666666667
    },
    "val": {
        "loss": 0.8992233498891194,
        "accuracy": 66.83333333333333
    },
    "step": 24
}
